--
-- ----------------------- COURTHOUSE -----------------------
--
INSERT INTO courthouse (id, name, court_type, start_date, end_date, location_id, psa_id, location_code, welsh_name, org_id) VALUES (1, 'Royal Courts of Justice', 'High Court and Court of Appeal', '1875-12-04', NULL, 501, 601, 'RCJ001', 'RCJ', 701);
INSERT INTO courthouse (id, name, court_type, start_date, end_date, location_id, psa_id, location_code, welsh_name, org_id) VALUES (2, 'Manchester Civil Justice Centre', 'Civil and Family Court', '2007-10-01', NULL, 502, 602, 'MCJC002', 'MCJC', 702);
INSERT INTO courthouse (id, name, court_type, start_date, end_date, location_id, psa_id, location_code, welsh_name, org_id) VALUES (3, 'Cardiff Crown Court', 'Crown Court', '1904-01-01', NULL, 503, 603, 'CCC003', 'CCC', 703);
INSERT INTO courthouse (id, name, court_type, start_date, end_date, location_id, psa_id, location_code, welsh_name, org_id) VALUES (4, 'Birmingham Civil Justice Centre', 'Civil and Family Court', '1987-05-01', NULL, 504, 604, 'BCJC004', 'BCJC', 704);
INSERT INTO courthouse (id, name, court_type, start_date, end_date, location_id, psa_id, location_code, welsh_name, org_id) VALUES (5, 'Leeds Combined Court Centre', 'Crown and County Court', '1993-09-15', NULL, 505, 605, 'LCCC005', 'LCCC', 705);
INSERT INTO courthouse (id, name, court_type, start_date, end_date, location_id, psa_id, location_code, welsh_name, org_id) VALUES (6, 'Bristol Crown Court', 'Crown Court', '1993-06-01', NULL, 506, 606, 'BCC006', 'BCC', 706);
INSERT INTO courthouse (id, name, court_type, start_date, end_date, location_id, psa_id, location_code, welsh_name, org_id) VALUES (7, 'Liverpool Crown Court', 'Crown Court', '1984-10-01', NULL, 507, 607, 'LCC007', 'LCC', 707);
INSERT INTO courthouse (id, name, court_type, start_date, end_date, location_id, psa_id, location_code, welsh_name, org_id) VALUES (8, 'Nottingham Justice Centre',  'Crown and County Court', '1996-04-01', NULL, 508, 608, 'NJC008', 'NJC', 708);
INSERT INTO courthouse (id, name, court_type, start_date, end_date, location_id, psa_id, location_code, welsh_name, org_id) VALUES (9, 'Sheffield Combined Court Centre',  'Crown and County Court', '1995-07-01', NULL, 509, 609, 'SCCC009', 'SCCC', 709);
INSERT INTO courthouse (id, name, court_type, start_date, end_date, location_id, psa_id, location_code, welsh_name, org_id) VALUES (10, 'Newcastle Crown Court',  'Crown Court', '1990-03-01', NULL, 510, 610, 'NCC010', 'NCC', 710);
--
--
--
----------------------- APPLICATION FEE -----------------------
--
-- CO1.1 - Main Fee and Offset Fee.
INSERT INTO application_fee (id, reference, description, amount, start_date, end_date, is_offset, version, changed_by, changed_date, user_name) VALUES (1, 'CO1.1', 'JP perform function away from court', 50.00, DATE '2016-07-25', DATE '2018-07-24', false, 1, -125, DATE '2025-03-25', 'AR4.Initial.SQL.Upload');
INSERT INTO application_fee (id, reference, description, amount, start_date, end_date, is_offset, version, changed_by, changed_date, user_name) VALUES (2, 'CO1.1', 'JP perform function away from court', 30.00, DATE '2018-07-25', NULL, true, 1, -125, DATE '2025-03-25', 'AR4.Initial.SQL.Upload');
-- CO2.1 - Main Fee and Offset Fee.
INSERT INTO application_fee (id, reference, description, amount, start_date, end_date, is_offset, version, changed_by, changed_date, user_name) VALUES (3, 'CO2.1', 'Application to state a case for the High Court', 515.00, DATE '2016-07-25', DATE '2018-07-24', false, 1, -125, DATE '2025-03-25', 'AR4.Initial.SQL.Upload');
INSERT INTO application_fee (id, reference, description, amount, start_date, end_date, is_offset, version, changed_by, changed_date, user_name) VALUES (4, 'CO2.1', 'Application to state a case for the High Court', 155.00, DATE '2018-07-25', NULL, true, 1, -125, DATE '2025-03-25', 'AR4.Initial.SQL.Upload');
-- CO2.2 - Main Fee only.
INSERT INTO application_fee (id, reference, description, amount, start_date, end_date, is_offset, version, changed_by, changed_date, user_name) VALUES (5, 'CO2.2', 'Appeal against DEO – Child Support Act 1991', 100.00, DATE '2016-07-25', NULL, false, 1, -125, DATE '2025-03-25', 'AR4.Initial.SQL.Upload');
-- CO2.3 - Main Fee and Offset Fee.
INSERT INTO application_fee (id, reference, description, amount, start_date, end_date, is_offset, version, changed_by, changed_date, user_name) VALUES (6, 'CO2.3', 'Appeal under Sch 5 Licensing Act 2003', 410.00, DATE '2016-07-25', DATE '2018-07-24', false, 1, -125, DATE '2025-03-25', 'AR4.Initial.SQL.Upload');
INSERT INTO application_fee (id, reference, description, amount, start_date, end_date, is_offset, version, changed_by, changed_date, user_name) VALUES (7, 'CO2.3', 'Appeal under Sch 5 Licensing Act 2003', 70.00, DATE '2018-07-25', NULL, true, 1, -125, DATE '2025-03-25', 'AR4.Initial.SQL.Upload');
-- CO2.4 - Main Fee and Offset Fee.
INSERT INTO application_fee (id, reference, description, amount, start_date, end_date, is_offset, version, changed_by, changed_date, user_name) VALUES (8, 'CO2.4', 'Other appeal where no fee specified', 205.00, DATE '2016-07-25', DATE '2018-07-24', false, 1, -125, DATE '2025-03-25', 'AR4.Initial.SQL.Upload');
INSERT INTO application_fee (id, reference, description, amount, start_date, end_date, is_offset, version, changed_by, changed_date, user_name) VALUES (9, 'CO2.4', 'Other appeal where no fee specified', 70.00, DATE '2018-07-25', NULL, true, 1, -125, DATE '2025-03-25', 'AR4.Initial.SQL.Upload');
-- CO3.1 - Main Fee only.
INSERT INTO application_fee (id, reference, description, amount, start_date, end_date, is_offset, version, changed_by, changed_date, user_name) VALUES (10, 'CO3.1', 'Certificate of refusal to state a case.', 105.00, DATE '2016-07-25', NULL, false, 1, -125, DATE '2025-03-25', 'AR4.Initial.SQL.Upload');
-- CO3.2 - Main Fee only.
INSERT INTO application_fee (id, reference, description, amount, start_date, end_date, is_offset, version, changed_by, changed_date, user_name) VALUES (11, 'CO3.2', 'Certificate of satisfaction under Register of judgments, orders and fines', 15.00, DATE '2016-07-25', NULL, false, 1, -125, DATE '2025-03-25', 'AR4.Initial.SQL.Upload');
-- CO3.3 - Main Fee and Offset Fee.
INSERT INTO application_fee (id, reference, description, amount, start_date, end_date, is_offset, version, changed_by, changed_date, user_name) VALUES (12, 'CO3.3', 'Certified copy of a memorandum of conviction.', 60.00, DATE '2016-07-25', DATE '2018-07-24', false, 1, -125, DATE '2025-03-25', 'AR4.Initial.SQL.Upload');
INSERT INTO application_fee (id, reference, description, amount, start_date, end_date, is_offset, version, changed_by, changed_date, user_name) VALUES (13, 'CO3.3', 'Certified copy of a memorandum of conviction.', 60.00, DATE '2018-07-25', NULL, false, 1, -125, DATE '2025-03-25', 'AR4.Initial.SQL.Upload');
-- CO3.4 - Main Fee and Offset Fee.
INSERT INTO application_fee (id, reference, description, amount, start_date, end_date, is_offset, version, changed_by, changed_date, user_name) VALUES (14, 'CO3.4', 'Certificate or certified document where no other fee is specified.', 60.00, DATE '2016-07-25', DATE '2018-07-24', false, 1, -125, DATE '2025-03-25', 'AR4.Initial.SQL.Upload');
INSERT INTO application_fee (id, reference, description, amount, start_date, end_date, is_offset, version, changed_by, changed_date, user_name) VALUES (15, 'CO3.4', 'Certificate or certified document where no other fee is specified.', 25.00, DATE '2018-07-25', NULL, false, 1, -125, DATE '2025-03-25', 'AR4.Initial.SQL.Upload');
-- CO4.1 - Main Fee and Offset Fee.
INSERT INTO application_fee (id, reference, description, amount, start_date, end_date, is_offset, version, changed_by, changed_date, user_name) VALUES (16, 'CO4.1', 'Liability Order – Council Tax and NDR', 325.00, DATE '2016-07-25', DATE '2018-07-24', false, 1, -125, DATE '2025-03-25', 'AR4.Initial.SQL.Upload');
INSERT INTO application_fee (id, reference, description, amount, start_date, end_date, is_offset, version, changed_by, changed_date, user_name) VALUES (17, 'CO4.1', 'Liability Order – Council Tax and NDR', 0.50, DATE '2018-07-25', NULL, false, 1, -125, DATE '2025-03-25', 'AR4.Initial.SQL.Upload');
-- CO4.2 - Main Fee only.
INSERT INTO application_fee (id, reference, description, amount, start_date, end_date, is_offset, version, changed_by, changed_date, user_name) VALUES (18, 'CO4.2', 'Liability Order – Child Support Act 1991', 40.00, DATE '2016-07-25', NULL, false, 1, -125, DATE '2025-03-25', 'AR4.Initial.SQL.Upload');
--
--
--
----------------------- APPLICATION LIST -----------------------
--
INSERT INTO application_list (id, status, date, time, courthouse_id, description, version, changed_by, changed_date, user_id) VALUES (1,'OPEN', '2024-04-21', '10:00', 1, 'Morning list for Family Court', 1, 'admin', CURRENT_DATE, '12345678-aaaa-bbbb-cccc-000000000001');
INSERT INTO application_list (id, status, date, time, courthouse_id, description, version, changed_by, changed_date, user_id) VALUES (2,'OPEN', '2025-04-21', '14:00',  2,'Afternoon list for Civil Court', 1, 'admin', CURRENT_DATE, '12345678-aaaa-bbbb-cccc-000000000001');
INSERT INTO application_list (id, status, date, time, courthouse_id, description, version, changed_by, changed_date, user_id) VALUES (3,'CLOSED', '2025-04-22', '09:00',  3,'Cancelled hearing for Probate', 1, 'admin', CURRENT_DATE, '12345678-aaaa-bbbb-cccc-000000000001');
INSERT INTO application_list (id, status, date, time, courthouse_id, description, version, changed_by, changed_date, user_id) VALUES (4,'CLOSED', '2025-04-19', '11:30',  4,'Completed list - criminal matters', 1, 'admin', CURRENT_DATE, '12345678-aaaa-bbbb-cccc-000000000001');
INSERT INTO application_list (id, status, date, time, courthouse_id, description, version, changed_by, changed_date, user_id) VALUES (5,'OPEN', '2025-04-23', '15:00',  5,'Immigration list', 1, 'admin', CURRENT_DATE, '12345678-aaaa-bbbb-cccc-000000000001');
INSERT INTO application_list (id, status, date, time, courthouse_id, description, version, changed_by, changed_date, user_id) VALUES (6,'OPEN', '2025-04-24', '13:00',  6,'Tribunal cases', 1, 'admin', CURRENT_DATE, '12345678-aaaa-bbbb-cccc-000000000002');
INSERT INTO application_list (id, status, date, time, courthouse_id, description, version, changed_by, changed_date, user_id) VALUES (7,'OPEN', '2025-04-25', '16:00',  7,'Urgent list', 1, 'admin', CURRENT_DATE, '12345678-aaaa-bbbb-cccc-000000000002');
INSERT INTO application_list (id, status, date, time, courthouse_id, description, version, changed_by, changed_date, user_id) VALUES (8,'CLOSED', '2025-04-18', '08:30',  8,'No show', 1, 'admin', CURRENT_DATE, '12345678-aaaa-bbbb-cccc-000000000002');
INSERT INTO application_list (id, status, date, time, courthouse_id, description, version, changed_by, changed_date, user_id) VALUES (9,'CLOSED', '2025-04-17', '12:00',  9,'Family cases', 1, 'admin', CURRENT_DATE, '12345678-aaaa-bbbb-cccc-000000000003');
INSERT INTO application_list (id, status, date, time, courthouse_id, description, version, changed_by, changed_date, user_id) VALUES (10,'OPEN', '2025-04-26', '09:30',  10,'New applications', 1, 'admin', CURRENT_DATE, '12345678-aaaa-bbbb-cccc-000000000003');
--
--
--
-- ----------------------- APPLICATION CODES -----------------------
--
INSERT INTO application_code (id, application_code, title, wording, legislation,fee_due, requires_respondent, destination_email_address_1, destination_email_address_2, start_date, end_date, bulk_respondent_allowed, fee_reference) VALUES (1, 'AD99001','Copy documents','Request to copy documents','',true,false,'','',TIMESTAMP '2016-01-01 00:00:00',NULL,false, 'CO1.1');
INSERT INTO application_code (id, application_code, title, wording, legislation,fee_due, requires_respondent, destination_email_address_1, destination_email_address_2, start_date, end_date, bulk_respondent_allowed, fee_reference) VALUES (2, 'AD99002','Copy documents (electronic)','Request for copy documents on computer disc or in electronic form','',true,false,'','',TIMESTAMP '2016-01-01 00:00:00',NULL,false, 'CO1.1');
INSERT INTO application_code (id, application_code, title, wording, legislation,fee_due, requires_respondent, destination_email_address_1, destination_email_address_2, start_date, end_date, bulk_respondent_allowed, fee_reference) VALUES (3, 'AD99003','Extract from the Court Register','Certified extract from the court register','',true,false,'','',TIMESTAMP '2016-01-01 00:00:00',NULL,false, 'CO1.1');
INSERT INTO application_code (id, application_code, title, wording, legislation,fee_due, requires_respondent, destination_email_address_1, destination_email_address_2, start_date, end_date, bulk_respondent_allowed, fee_reference) VALUES (4, 'AD99004','Certificate of Satisfaction','Request for a certificate of satisfaction of debt registered in the register of judgements, orders and fines','',false,false,'','',TIMESTAMP '2016-01-01 00:00:00',NULL,false, NULL);
INSERT INTO application_code (id, application_code, title, wording, legislation,fee_due, requires_respondent, destination_email_address_1, destination_email_address_2, start_date, end_date, bulk_respondent_allowed, fee_reference) VALUES (5, 'AD99005','Certified genuine copy document','Request for a copy of a document certified as a genuine copy of the original document','',false,false,'','',TIMESTAMP '2016-01-01 00:00:00',NULL,false, NULL);
INSERT INTO application_code (id, application_code, title, wording, legislation,fee_due, requires_respondent, destination_email_address_1, destination_email_address_2, start_date, end_date, bulk_respondent_allowed, fee_reference) VALUES (6, 'AP99001','Appeal to Crown Court','Notice of appeal in respect of a case heard on {TEXT|Date of Hearing|10}','Section 108 Magistrates'' Courts Act 1980',false,false,'','',TIMESTAMP '2016-01-01 00:00:00',NULL,false, NULL);
INSERT INTO application_code (id, application_code, title, wording, legislation,fee_due, requires_respondent, destination_email_address_1, destination_email_address_2, start_date, end_date, bulk_respondent_allowed, fee_reference) VALUES (7, 'AP99002','Appeal by Case Stated (Crime)','Notice of appeal to the High Court by way of case stated in respect of a criminal case heard on {TEXT|Date of Hearing|10}','Section 111 Magistrates'' Courts Act 1980',false,false,'','',TIMESTAMP '2016-01-01 00:00:00',NULL,false, NULL);
INSERT INTO application_code (id, application_code, title, wording, legislation,fee_due, requires_respondent, destination_email_address_1, destination_email_address_2, start_date, end_date, bulk_respondent_allowed, fee_reference) VALUES (8, 'AP99003','Appeal by Case Stated (Civil)','Notice of appeal to the High Court by way of case stated in respect of case heard on {TEXT|Date of Hearing|10}','Section 111 Magistrates'' Courts Act 1980',false,false,'','',TIMESTAMP '2016-01-01 00:00:00',NULL,false, NULL);
INSERT INTO application_code (id, application_code, title, wording, legislation,fee_due, requires_respondent, destination_email_address_1, destination_email_address_2, start_date, end_date, bulk_respondent_allowed, fee_reference) VALUES (9, 'AP99004','Request for Certificate of Refusal to State a Case (Civil)','Request for a certificate of refusal to state a case for the opinion of the High Court in respect of civil proceedings heard on {TEXT|Date|10}','Section 111 Magistrates'' Courts Act 1980',false,false,'','',TIMESTAMP '2016-01-01 00:00:00',NULL,false, NULL);
INSERT INTO application_code (id, application_code, title, wording, legislation,fee_due, requires_respondent, destination_email_address_1, destination_email_address_2, start_date, end_date, bulk_respondent_allowed, fee_reference) VALUES (10, 'CT99001','Issue of liability order summons -council tax (bulk)','Attends to swear a complaint for the issue summonses for the debtors to answer an application for a liability order in relation to unpaid council tax (number of cases {TEXT|Number|4})','Regulation 34 Council Tax (Admin and Enforcement) Regulations 1992',false,false,'','',TIMESTAMP '2016-01-01 00:00:00',NULL,true, NULL);
INSERT INTO application_code (id, application_code, title, wording, legislation,fee_due, requires_respondent, destination_email_address_1, destination_email_address_2, start_date, end_date, bulk_respondent_allowed, fee_reference) VALUES (11, 'CT99002','Issue of liability order summons - council tax','Attends to swear a complaint for the issue of a summons for the debtor to answer an application for a liability order in relation to unpaid council tax (reference {TEXT|Reference|100})','Regulation 34 Council Tax (Admin and Enforcement) Regulations 1992',false,true,'','',TIMESTAMP '2016-01-01 00:00:00',NULL,false, NULL);
INSERT INTO application_code (id, application_code, title, wording, legislation,fee_due, requires_respondent, destination_email_address_1, destination_email_address_2, start_date, end_date, bulk_respondent_allowed, fee_reference) VALUES (12, 'CT99003','Issue of liability order summons -non-domestic rate (bulk)','Attends to swear a complaint for the issue summonses for the debtors to answer an application for a liability order in relation to unpaid non-domestic rate (number of cases {TEXT|Number|4})','Regulation 12 Non-Domestic Rating (Collection etc.) Regulations 1989',false,false,'','',TIMESTAMP '2016-01-01 00:00:00',NULL,true, NULL);
INSERT INTO application_code (id, application_code, title, wording, legislation,fee_due, requires_respondent, destination_email_address_1, destination_email_address_2, start_date, end_date, bulk_respondent_allowed, fee_reference) VALUES (13, 'CT99004','Issue of liability order summons - non-domestic rate','Attends to swear a complaint for the issue of a summons for the debtor to answer an application for a liability order in relation to unpaid non-domestic rate (reference {TEXT|Reference|100})','Regulation 12 Non-Domestic Rating (Collection etc.) Regulations 1989',false,true,'','',TIMESTAMP '2016-01-01 00:00:00',NULL,false, NULL);
INSERT INTO application_code (id, application_code, title, wording, legislation,fee_due, requires_respondent, destination_email_address_1, destination_email_address_2, start_date, end_date, bulk_respondent_allowed, fee_reference) VALUES (14, 'CT99005','Issue of warrant of arrest in commitment proceedings - council tax (bulk)','Attends to swear a complaint for the issue of warrants of arrest for the debtors to answer an application for committal to prison (number of cases {TEXT|Number|4})','Regulation 34 Council Tax (Admin and Enforcement) Regulations 1992',false,false,'','',TIMESTAMP '2016-01-01 00:00:00',NULL,true, NULL);
INSERT INTO application_code (id, application_code, title, wording, legislation,fee_due, requires_respondent, destination_email_address_1, destination_email_address_2, start_date, end_date, bulk_respondent_allowed, fee_reference) VALUES (15, 'CT99006','Issue of warrant of arrest in commitment proceedings - council tax','Attends to swear a complaint for the issue of an arrest warrant for the debtor to answer an application for committal to prison in relation to unpaid council tax (reference {TEXT|Reference|100})','Regulation 34 Council Tax (Admin and Enforcement) Regulations 1992',false,true,'','',TIMESTAMP '2016-01-01 00:00:00',NULL,false, NULL);
INSERT INTO application_code (id, application_code, title, wording, legislation,fee_due, requires_respondent, destination_email_address_1, destination_email_address_2, start_date, end_date, bulk_respondent_allowed, fee_reference) VALUES (16, 'CT99007','Issue of warrant of arrest in commitment proceedings - non-domestic rate (bulk)','Attends to swear a complaint for the issue of warrants of arrest for the debtors to answer an application for commitment to prison in relation to unpaid non-domestic rate (number of cases {TEXT|Number|4})','Regulation 12 Non-Domestic Rating (Collection etc.) Regulations 1989',false,false,'','',TIMESTAMP '2016-01-01 00:00:00',NULL,true, NULL);
INSERT INTO application_code (id, application_code, title, wording, legislation,fee_due, requires_respondent, destination_email_address_1, destination_email_address_2, start_date, end_date, bulk_respondent_allowed, fee_reference) VALUES (17, 'CT99008','Issue of warrant of arrest in commitment proceedings - non-domestic rate','Attends to swear a complaint for the issue of an arrest warrant for the debtor to answer an application for commitment to prison in relation to unpaid non-domestic rate (reference {TEXT|Reference|100})','Regulation 12 Non-Domestic Rating (Collection etc.) Regulations 1989',false,true,'','',TIMESTAMP '2016-01-01 00:00:00',NULL,false, NULL);
INSERT INTO application_code (id, application_code, title, wording, legislation,fee_due, requires_respondent, destination_email_address_1, destination_email_address_2, start_date, end_date, bulk_respondent_allowed, fee_reference) VALUES (18, 'CT99009','Issue of liability order summons - child support','Attends to swear a complaint for the issue of a summons for the debtor to answer an application for a liability order in relation to unpaid child support (reference {TEXT|Reference|100})','Regulation 28 of the Child Support (Collection and Enforcement) Regulations 1992',false,true,'','',TIMESTAMP '2016-01-01 00:00:00',NULL,false, NULL);
INSERT INTO application_code (id, application_code, title, wording, legislation,fee_due, requires_respondent, destination_email_address_1, destination_email_address_2, start_date, end_date, bulk_respondent_allowed, fee_reference) VALUES (19, 'CT99010','Issue of liability order warrant in commitment proceedings - child support','Attends to swear a complaint for the issue of an arrest warrant for the debtor to answer an application for committal to prison in relation to unpaid child support (reference {TEXT|Reference|100})','Regulation 28 of the Child Support (Collection and Enforcement) Regulations 1992',false,true,'','',TIMESTAMP '2016-01-01 00:00:00',NULL,false, NULL);
INSERT INTO application_code (id, application_code, title, wording, legislation,fee_due, requires_respondent, destination_email_address_1, destination_email_address_2, start_date, end_date, bulk_respondent_allowed, fee_reference) VALUES (20, 'MS99001','Special Constable''s Attestation','Attends to swear oath of the office of Special Constable','Section 29 Police Act 1996',false,false,'','',TIMESTAMP '2016-01-01 00:00:00',NULL,false, NULL);
INSERT INTO application_code (id, application_code, title, wording, legislation,fee_due, requires_respondent, destination_email_address_1, destination_email_address_2, start_date, end_date, bulk_respondent_allowed, fee_reference) VALUES (21, 'MS99002','Change of name','Attends to make a statutory declaration that henceforth the applicant will be known as {TEXT|New Name|100}','Section 18 Statutory Declarations Act 1835',false,false,'','',TIMESTAMP '2016-01-01 00:00:00',NULL,false, NULL);
INSERT INTO application_code (id, application_code, title, wording, legislation,fee_due, requires_respondent, destination_email_address_1, destination_email_address_2, start_date, end_date, bulk_respondent_allowed, fee_reference) VALUES (22, 'MS99003','Statutory Decalration - Local Authority Car Park','Attends to make a statutory declaration in relation to car park penalty issued on {TEXT|Date|10} for vehicle {TEXT|Vehicle Reg|10}','Section 18 Statutory Declarations Act 1835',false,false,'','',TIMESTAMP '2016-01-01 00:00:00',NULL,false, NULL);
INSERT INTO application_code (id, application_code, title, wording, legislation,fee_due, requires_respondent, destination_email_address_1, destination_email_address_2, start_date, end_date, bulk_respondent_allowed, fee_reference) VALUES (23, 'MS99004','Statutory Decalration -Lost documents','Attends to make a statutory declaration in relation to loss of original document, namely {TEXT|Specify Document Lost|100}','Section 18 Statutory Declarations Act 1835',false,false,'','',TIMESTAMP '2016-01-01 00:00:00',NULL,false, NULL);
INSERT INTO application_code (id, application_code, title, wording, legislation,fee_due, requires_respondent, destination_email_address_1, destination_email_address_2, start_date, end_date, bulk_respondent_allowed, fee_reference) VALUES (24, 'RE99001','Rights of Entry Warrant - Gas Operator','Application by a gas operator for a warrant to enter premises at {TEXT|Premises Address|200}','Section 2 Rights of Entry (Gas and Electricity Boards) Act 1954',false,false,'','',TIMESTAMP '2016-01-01 00:00:00',NULL,false, NULL);
INSERT INTO application_code (id, application_code, title, wording, legislation,fee_due, requires_respondent, destination_email_address_1, destination_email_address_2, start_date, end_date, bulk_respondent_allowed, fee_reference) VALUES (25, 'RE99002','Rights of Entry Warrant - Electricity Operator','Application by an electricity operator for a warrant to enter premises at {TEXT|Premises Address|200}','Section 2 Rights of Entry (Gas and Electricity Boards) Act 1954',false,false,'','',TIMESTAMP '2016-01-01 00:00:00',NULL,false, NULL);
INSERT INTO application_code (id, application_code, title, wording, legislation,fee_due, requires_respondent, destination_email_address_1, destination_email_address_2, start_date, end_date, bulk_respondent_allowed, fee_reference) VALUES (26, 'RE99003','Rights of Entry Warrant - Food Safety Regs','Application for a warrant to enter premises at {TEXT|Premises Address|200}','Reg 16 Food Safety and Hygiene (England) Regulations 2013',false,false,'','',TIMESTAMP '2016-01-01 00:00:00',NULL,false, NULL);
INSERT INTO application_code (id, application_code, title, wording, legislation,fee_due, requires_respondent, destination_email_address_1, destination_email_address_2, start_date, end_date, bulk_respondent_allowed, fee_reference) VALUES (27, 'RE99004','Rights of Entry Warrant - Food Safety Act 1990','Application for a warrant to enter premises at {TEXT|Premises Address|200}','Section 32 of the Food Safety Act 1990',false,false,'','',TIMESTAMP '2016-01-01 00:00:00',NULL,false, NULL);
INSERT INTO application_code (id, application_code, title, wording, legislation,fee_due, requires_respondent, destination_email_address_1, destination_email_address_2, start_date, end_date, bulk_respondent_allowed, fee_reference) VALUES (28, 'RE99005','Rights of Entry Warrant - dairy premises','Application for a warrant to enter premises at {TEXT|Premises Address|200}','Reg 9 Single Common Market Organisation (Emergency Aid for Milk Producers) Regulations 2015',false,false,'','',TIMESTAMP '2016-01-01 00:00:00',NULL,false, NULL);
INSERT INTO application_code (id, application_code, title, wording, legislation,fee_due, requires_respondent, destination_email_address_1, destination_email_address_2, start_date, end_date, bulk_respondent_allowed, fee_reference) VALUES (29, 'SW99001','Search Warrant - Stolen Goods','Application for a search warrant in respect of stolen goods under reference number {TEXT|Reference|100}','Section 8 Police and Criminal Evidence Act 1984',false,false,'','',TIMESTAMP '2016-01-01 00:00:00',NULL,false, NULL);
INSERT INTO application_code (id, application_code, title, wording, legislation,fee_due, requires_respondent, destination_email_address_1, destination_email_address_2, start_date, end_date, bulk_respondent_allowed, fee_reference) VALUES (30, 'SW99002','Search Warrant - Controlled Drugs','Application for a search warrant in respect of controlled drugs reference under number {TEXT|Reference|100}','Section 8 Police and Criminal Evidence Act 1984',false,false,'','',TIMESTAMP '2016-01-01 00:00:00',NULL,false, NULL);
INSERT INTO application_code (id, application_code, title, wording, legislation,fee_due, requires_respondent, destination_email_address_1, destination_email_address_2, start_date, end_date, bulk_respondent_allowed, fee_reference) VALUES (31, 'SW99003','Search Warrant - Psychoactive Substance','Application for a search warrant in respect of psychoactive substances under reference number {TEXT|Reference|100}','Section 8 Police and Criminal Evidence Act 1984',false,false,'','',TIMESTAMP '2016-01-01 00:00:00',NULL,false, NULL);
INSERT INTO application_code (id, application_code, title, wording, legislation,fee_due, requires_respondent, destination_email_address_1, destination_email_address_2, start_date, end_date, bulk_respondent_allowed, fee_reference) VALUES (32, 'SW99004','Search Warrant - Firearms','Application for a search warrant in respect of firearms under reference number {TEXT|Reference|100}','Section 8 Police and Criminal Evidence Act 1984',false,false,'','',TIMESTAMP '2016-01-01 00:00:00',NULL,false, NULL);
INSERT INTO application_code (id, application_code, title, wording, legislation,fee_due, requires_respondent, destination_email_address_1, destination_email_address_2, start_date, end_date, bulk_respondent_allowed, fee_reference) VALUES (33, 'SW99005','Search Warrant - Evidential Material','Application for a search warrant in respect of evidential material under reference number {TEXT|Reference|100}','Section 8 Police and Criminal Evidence Act 1984',false,false,'','',TIMESTAMP '2016-01-01 00:00:00',NULL,false, NULL);
INSERT INTO application_code (id, application_code, title, wording, legislation,fee_due, requires_respondent, destination_email_address_1, destination_email_address_2, start_date, end_date, bulk_respondent_allowed, fee_reference) VALUES (34, 'SW99006','Search Warrant - Mental Health','Application for a warrant to search for a person and if needs be remove to a place of safety.','Section 135 of the Mental Health Act 1983',true,false,'','',TIMESTAMP '2016-01-01 00:00:00',NULL,false, NULL);
INSERT INTO application_code (id, application_code, title, wording, legislation,fee_due, requires_respondent, destination_email_address_1, destination_email_address_2, start_date, end_date, bulk_respondent_allowed, fee_reference) VALUES (35, 'SW99007','Inspection of Bankers'' Books (criminal proceedings)','Application for an order to allow the applicant to inspect or take copies of bankers books held by {TEXT|Name of Bank|100} in respect of criminal proceedings at {TEXT|Name of Court|100}.','Section 7 Bankers''' || ' Books Evidence Act 1879',false,false,'','',TIMESTAMP '2016-01-01 00:00:00',NULL,false, NULL);
INSERT INTO application_code (id, application_code, title, wording, legislation,fee_due, requires_respondent, destination_email_address_1, destination_email_address_2, start_date, end_date, bulk_respondent_allowed, fee_reference) VALUES (36, 'SW99008','Inspection of Bankers'' Books (civil or other proceedings)','Application for an order to allow the applicant to inspect or take copies of bankers books held by {TEXT|Name of Bank|100} in respect of civil or other proceedings at {TEXT|Name of Court|100}.','Section 7 Bankers''' || ' Books Evidence Act 1879',false,false,'','',TIMESTAMP '2016-01-01 00:00:00',NULL,false, NULL);
INSERT INTO application_code (id, application_code, title, wording, legislation,fee_due, requires_respondent, destination_email_address_1, destination_email_address_2, start_date, end_date, bulk_respondent_allowed, fee_reference) VALUES (37, 'SW99009','Approval of Access to Communications Data','Approval of an authorisation issued by the applicant for access to communications data reference {TEXT|Reference|100}','Section 23A Regulation of Investigatory Powers Act 2000',false,false,'','',TIMESTAMP '2016-01-01 00:00:00',NULL,false, NULL);
INSERT INTO application_code (id, application_code, title, wording, legislation,fee_due, requires_respondent, destination_email_address_1, destination_email_address_2, start_date, end_date, bulk_respondent_allowed, fee_reference) VALUES (38, 'SW99010','Approval of Use of Directed Surveillance','Approval of an authorisation issued by the applicant for the use of directed surveillance reference {TEXT|Reference|100}','Sections 28 and 32A Regulation of Investigatory Powers Act 2000',false,false,'','',TIMESTAMP '2016-01-01 00:00:00',NULL,false, NULL);
INSERT INTO application_code (id, application_code, title, wording, legislation,fee_due, requires_respondent, destination_email_address_1, destination_email_address_2, start_date, end_date, bulk_respondent_allowed, fee_reference) VALUES (39, 'SW99011','Approval of Use of Covert Human Intelligence Source','Approval of an authorisation issued by the applicant for the use of covert human intelligence sources reference {TEXT|Reference|100}','Sections 29 and 32A Regulation of Investigatory Powers Act 2000',false,false,'','',TIMESTAMP '2016-01-01 00:00:00',NULL,false, NULL);
INSERT INTO application_code (id, application_code, title, wording, legislation,fee_due, requires_respondent, destination_email_address_1, destination_email_address_2, start_date, end_date, bulk_respondent_allowed, fee_reference) VALUES (40, 'MS99005','Statutory Decalration - Non-standard Civil','Attends to make a statutory declaration in relation to  {TEXT|Specify Nature of Declaration|200}','Section 18 Statutory Declarations Act 1835',false,false,'','',TIMESTAMP '2016-01-01 00:00:00',NULL,false, NULL);
INSERT INTO application_code (id, application_code, title, wording, legislation,fee_due, requires_respondent, destination_email_address_1, destination_email_address_2, start_date, end_date, bulk_respondent_allowed, fee_reference) VALUES (41, 'MS99006','Condemnation of Unfit Food','Application for the condemnation of food, namely  {TEXT|Describe Seized Food|100}','Section 9 Food Safety Act 1990',false,true,'','',TIMESTAMP '2016-01-01 00:00:00',NULL,false, NULL);
--
--
--
------------------------- IDENTITY_DETAILS -----------------------
--
INSERT INTO identity_details (id, code, name, title, forename_1, forename_2, forename_3, surname, address_line_1, address_line_2, address_line_3, address_line_4, address_line_5, postcode, email_address, telephone_number, mobile_number, date_of_birth) VALUES (1, 'RE', 'Jack Turner', 'Mr', 'John', NULL, NULL, 'Turner', '1 Market Street', NULL, NULL, NULL, NULL, 'AB11 2CD', 'john.smith@example.com', '01234567890', NULL, '1985-04-12');
INSERT INTO identity_details (id, code, name, title, forename_1, forename_2, forename_3, surname, address_line_1, address_line_2, address_line_3, address_line_4, address_line_5, postcode, email_address, telephone_number, mobile_number, date_of_birth) VALUES (2, 'RE', 'Sarah Johnson', 'Mrs', 'Sarah', NULL, NULL, 'Johnson', '12 The Avenue', NULL, NULL, NULL, NULL, 'XY9 8ZZ', 's.johnson@example.com', NULL, '07700900000', '1990-11-01');
INSERT INTO identity_details (id, code, name, title, forename_1, forename_2, forename_3, surname, address_line_1, address_line_2, address_line_3, address_line_4, address_line_5, postcode, email_address, telephone_number, mobile_number, date_of_birth) VALUES (3, 'RE', 'Sam Burton', NULL, 'Sam', NULL, NULL, 'Burton', 'Flat 4, 22 Hillside', NULL, NULL, NULL, NULL, 'SN12 1ZZ', NULL, NULL, NULL, NULL);
INSERT INTO identity_details (id, code, name, title, forename_1, forename_2, forename_3, surname, address_line_1, address_line_2, address_line_3, address_line_4, address_line_5, postcode, email_address, telephone_number, mobile_number, date_of_birth) VALUES (4, 'AP', 'Legal Aid Board', NULL, NULL, NULL, NULL, NULL, '100 Legal Street', NULL, NULL, NULL, NULL, 'BA15 1LA', 'info@legalaid.example.com', NULL, NULL, NULL);
--
--
--
-- ----------------------- STANDARD_APPLICANT -----------------------
--
INSERT INTO standard_applicant (id, code, title, name, forename_1, forename_2, forename_3, surname, address_line_1, address_line_2, address_line_3, address_line_4, address_line_5, postcode, email_address, telephone_number, mobile_number, start_date, end_date, version, changed_by, changed_date, user_name) VALUES (1, 'APP001', 'Mr', 'John Smith', 'John', NULL, NULL, 'Smith','123 High Street', NULL, NULL, 'Townsville', NULL,'TS1 1AB', 'john.smith@example.com', '01234567890', '07123456789',CURRENT_TIMESTAMP, NULL, 1, 'will', CURRENT_TIMESTAMP, '12345678-aaaa-bbbb-cccc-000000000001');
INSERT INTO standard_applicant (id, code, title, name, forename_1, forename_2, forename_3, surname, address_line_1, address_line_2, address_line_3, address_line_4, address_line_5, postcode, email_address, telephone_number, mobile_number, start_date, end_date, version, changed_by, changed_date, user_name) VALUES (2, 'APP002', 'Ms', 'Jane Doe', 'Jane', NULL, NULL, 'Doe','456 Elm Road', 'Apt 5', NULL, 'Cityville', NULL,'CV2 2BC', 'jane.doe@example.com', '02345678901', NULL,CURRENT_TIMESTAMP, NULL, 1, 'will', CURRENT_TIMESTAMP, '12345678-aaaa-bbbb-cccc-000000000001');
INSERT INTO standard_applicant (id, code, title, name, forename_1, forename_2, forename_3, surname, address_line_1, address_line_2, address_line_3, address_line_4, address_line_5, postcode, email_address, telephone_number, mobile_number, start_date, end_date, version, changed_by, changed_date, user_name) VALUES (3, 'APP003', 'Dr', 'Alex Dunn', 'Alex', 'Taylor', NULL, 'Dunn','789 Oak Avenue', NULL, NULL, 'Villageham', 'Countyshire','VH3 3CD', 'alex.johnson@example.com', NULL, '07987654321',CURRENT_TIMESTAMP, NULL, 1, 'will', CURRENT_TIMESTAMP, '12345678-aaaa-bbbb-cccc-000000000001');
--
--
--
-- ----------------------- APPLICATIONS -----------------------
--
INSERT INTO application (id, application_list_id, standard_applicant_id, application_code_id, applicant_id, respondent_id, number_of_bulk_respondents, application_wording, case_reference, account_number, application_rescheduled, notes, version, changed_by, changed_date, bulk_upload) VALUES (1, 1, 1, 1, NULL,1,0,'Request to copy documents', 'CASE123456','ACC123456', 'N', 'Standard application with no respondent', 1, 'will',CURRENT_TIMESTAMP, 'N');
INSERT INTO application (id, application_list_id, standard_applicant_id, application_code_id, applicant_id, respondent_id, number_of_bulk_respondents, application_wording, case_reference, account_number, application_rescheduled, notes, version, changed_by, changed_date, bulk_upload) VALUES (2, 1, 2, 2, NULL,2, 0,'Electronic document request with 3 respondents', 'CASE123457','ACC123457', 'Y', 'Rescheduled due to missing docs', 1, 'will',CURRENT_TIMESTAMP, 'Y');
INSERT INTO application (id, application_list_id, standard_applicant_id, application_code_id, applicant_id, respondent_id, number_of_bulk_respondents, application_wording, case_reference, account_number, application_rescheduled, notes, version, changed_by, changed_date, bulk_upload) VALUES (3, 1, NULL, 3, 3,4, 0,'Court register extract application', 'CASE123458','ACC123458', 'N', NULL, 1, 'will',CURRENT_TIMESTAMP, 'N');
INSERT INTO application (id, application_list_id, standard_applicant_id, application_code_id, applicant_id, respondent_id, number_of_bulk_respondents, application_wording, case_reference, account_number, application_rescheduled, notes, version, changed_by, changed_date, bulk_upload) VALUES (4, 1, 1, 1, NULL,1,0,'Application to copy documents (Standard)', 'CASE123456','ACC123456', 'N', 'Standard application with no respondent', 1, 'will',CURRENT_TIMESTAMP, 'N');
INSERT INTO application (id, application_list_id, standard_applicant_id, application_code_id, applicant_id, respondent_id, number_of_bulk_respondents, application_wording, case_reference, account_number, application_rescheduled, notes, version, changed_by, changed_date, bulk_upload) VALUES (5, 2, 2, 2, NULL,2, 0,'Electronic document request with 3 respondents', 'CASE123457','ACC123457', 'Y', 'Rescheduled due to missing docs', 1, 'will',CURRENT_TIMESTAMP, 'Y');
INSERT INTO application (id, application_list_id, standard_applicant_id, application_code_id, applicant_id, respondent_id, number_of_bulk_respondents, application_wording, case_reference, account_number, application_rescheduled, notes, version, changed_by, changed_date, bulk_upload) VALUES (6, 2, NULL, 3, 3,4, 0,'Court register extract application', 'CASE123458','ACC123458', 'N', NULL, 1, 'will',CURRENT_TIMESTAMP, 'N');
INSERT INTO application (id, application_list_id, standard_applicant_id, application_code_id, applicant_id, respondent_id, number_of_bulk_respondents, application_wording, case_reference, account_number, application_rescheduled, notes, version, changed_by, changed_date, bulk_upload) VALUES (7, 2, 1, 1, NULL,1,0,'Application to copy documents (Standard)', 'CASE123456','ACC123456', 'N', 'Standard application with no respondent', 1, 'will',CURRENT_TIMESTAMP, 'N');
INSERT INTO application (id, application_list_id, standard_applicant_id, application_code_id, applicant_id, respondent_id, number_of_bulk_respondents, application_wording, case_reference, account_number, application_rescheduled, notes, version, changed_by, changed_date, bulk_upload) VALUES (8, 2, 2, 2, NULL,2, 0,'Electronic document request with 3 respondents', 'CASE123457','ACC123457', 'Y', 'Rescheduled due to missing docs', 1, 'will',CURRENT_TIMESTAMP, 'Y');
INSERT INTO application (id, application_list_id, standard_applicant_id, application_code_id, applicant_id, respondent_id, number_of_bulk_respondents, application_wording, case_reference, account_number, application_rescheduled, notes, version, changed_by, changed_date, bulk_upload) VALUES (9, 2, NULL, 3, 3,4, 0,'Court register extract application', 'CASE123458','ACC123458', 'N', NULL, 1, 'will',CURRENT_TIMESTAMP, 'N');
--
--
--
-- ----------------------- APPLICATION_FEE_RECORD -----------------------
--
INSERT INTO application_fee_record (id, payment_reference, status, status_date, application_id, application_fee_id, version, changed_by, changed_date, user_name) VALUES (1, 'TESTPAY123', 'PAID', DATE '2025-05-15', 1, 1, 1, -125, DATE '2025-05-15', 'AR4.Initial.SQL.Upload');
--
--
--
-- ----------------------- RESULT_CODE -----------------------
--
INSERT INTO result_code (id, result_code, title, wording, legislation, destination_email_address_1, destination_email_address_2, start_date, end_date) VALUES (1, 'APPC', 'Appeal to Crown Court', 'Appeal forwarded to {TEXT|Name of Crown Court|100}.', NULL, NULL, NULL, DATE '2016-01-01', NULL);
INSERT INTO result_code (id, result_code, title, wording, legislation, destination_email_address_1, destination_email_address_2, start_date, end_date) VALUES (2, 'AUTH', 'Authorised', 'Authorised.', NULL, NULL, NULL, DATE '2016-01-01', NULL);
INSERT INTO result_code (id, result_code, title, wording, legislation, destination_email_address_1, destination_email_address_2, start_date, end_date) VALUES (3, 'CASE', 'Case Stated', 'Court agrees to state a case for the opinion of the High Court.', NULL, NULL, NULL, DATE '2016-01-01', NULL);
INSERT INTO result_code (id, result_code, title, wording, legislation, destination_email_address_1, destination_email_address_2, start_date, end_date) VALUES (4, 'COL', 'Collection Order', 'Collection order made.', NULL, NULL, NULL, DATE '2016-01-01', NULL);
INSERT INTO result_code (id, result_code, title, wording, legislation, destination_email_address_1, destination_email_address_2, start_date, end_date) VALUES (5, 'FRB', 'Fee Remitted (Benefits)', 'Fee remitted as the applicant is in receipt of passported benefits.', NULL, NULL, NULL, DATE '2016-01-01', NULL);
INSERT INTO result_code (id, result_code, title, wording, legislation, destination_email_address_1, destination_email_address_2, start_date, end_date) VALUES (6, 'FRO', 'Fee Remitted (Other)', 'Fee remitted. Reason: {TEXT|Reason text|100}.', NULL, NULL, NULL, DATE '2016-01-01', NULL);
INSERT INTO result_code (id, result_code, title, wording, legislation, destination_email_address_1, destination_email_address_2, start_date, end_date) VALUES (7, 'GR', 'Granted', 'Granted.', NULL, NULL, NULL, DATE '2016-01-01', NULL);
INSERT INTO result_code (id, result_code, title, wording, legislation, destination_email_address_1, destination_email_address_2, start_date, end_date) VALUES (8, 'LEX', 'DVLA notification', 'DVLA to be notified.', NULL, NULL, NULL, DATE '2016-01-01', NULL);
INSERT INTO result_code (id, result_code, title, wording, legislation, destination_email_address_1, destination_email_address_2, start_date, end_date) VALUES (9, 'REF', 'Refused', 'Refused.', NULL, NULL, NULL, DATE '2016-01-01', NULL);
INSERT INTO result_code (id, result_code, title, wording, legislation, destination_email_address_1, destination_email_address_2, start_date, end_date) VALUES (10, 'RESP', 'Respondent Attends', 'Respondent attended.', NULL, NULL, NULL, DATE '2016-01-01', NULL);
INSERT INTO result_code (id, result_code, title, wording, legislation, destination_email_address_1, destination_email_address_2, start_date, end_date) VALUES (11, 'RSN', 'Reasons', 'Reasons: {TEXT|Reason text|100}.', NULL, NULL, NULL, DATE '2016-01-01', NULL);
INSERT INTO result_code (id, result_code, title, wording, legislation, destination_email_address_1, destination_email_address_2, start_date, end_date) VALUES (12, 'RTC', 'Refer to Court', 'Referred for full court hearing on {TEXT|Date|10} at {TEXT|Courthouse|100}.', NULL, NULL, NULL, DATE '2016-01-01', NULL);
INSERT INTO result_code (id, result_code, title, wording, legislation, destination_email_address_1, destination_email_address_2, start_date, end_date) VALUES (13, 'SDA', 'Statutory Declaration', 'Statutory declaration accepted.', NULL, NULL, NULL, DATE '2016-01-01', NULL);
INSERT INTO result_code (id, result_code, title, wording, legislation, destination_email_address_1, destination_email_address_2, start_date, end_date) VALUES (14, 'SSI', 'Summons Issued', 'Summons issued.', NULL, NULL, NULL, DATE '2016-01-01', NULL);
INSERT INTO result_code (id, result_code, title, wording, legislation, destination_email_address_1, destination_email_address_2, start_date, end_date) VALUES (15, 'SSIB', 'Summons Issued (multiple)', '{TEXT|Number|4} summons issued.', NULL, NULL, NULL, DATE '2016-01-01', NULL);
INSERT INTO result_code (id, result_code, title, wording, legislation, destination_email_address_1, destination_email_address_2, start_date, end_date) VALUES (16, 'TFO', 'Trasfer of Fine Order', 'Fine enforcement transferred.', NULL, NULL, NULL, DATE '2016-01-01', NULL);
INSERT INTO result_code (id, result_code, title, wording, legislation, destination_email_address_1, destination_email_address_2, start_date, end_date) VALUES (17, 'TFOS', 'Tranfer or Fine Order (Scotland)', 'Fine enforcement transferred to {TEXT|Scottish Court Name|100}.', NULL, NULL, NULL, DATE '2016-01-01', NULL);
INSERT INTO result_code (id, result_code, title, wording, legislation, destination_email_address_1, destination_email_address_2, start_date, end_date) VALUES (18, 'WDN', 'Withdrawn', 'Application withdrawn.', NULL, NULL, NULL, DATE '2016-01-01', NULL);
INSERT INTO result_code (id, result_code, title, wording, legislation, destination_email_address_1, destination_email_address_2, start_date, end_date) VALUES (19, 'WDNF', 'Withdrawn (Fee remitted)', 'Application withdrawn. Fee to be remitted.', NULL, NULL, NULL, DATE '2016-01-01', NULL);
INSERT INTO result_code (id, result_code, title, wording, legislation, destination_email_address_1, destination_email_address_2, start_date, end_date) VALUES (20, 'WOC', 'Warrant of Control', 'Warrant of control issued.', NULL, NULL, NULL, DATE '2016-01-01', NULL);
INSERT INTO result_code (id, result_code, title, wording, legislation, destination_email_address_1, destination_email_address_2, start_date, end_date) VALUES (21, 'WTI', 'Warrant Issued', 'Arrest warrant issued.', NULL, NULL, NULL, DATE '2016-01-01', NULL);
INSERT INTO result_code (id, result_code, title, wording, legislation, destination_email_address_1, destination_email_address_2, start_date, end_date) VALUES (22, 'WTIB', 'Warrants issued (multiple)', '{TEXT|Number|4} arrest warrants issued.', NULL, NULL, NULL, DATE '2016-01-01', NULL);
--
--
--
-- ----------------------- APPLICATION_RESULT -----------------------
--
INSERT INTO application_result (id, application_id, result_code_id, result_wording, result_officer, version, changed_by, changed_date) VALUES (1,1,7,'Application granted in full.','Magistrate Jane Doe',1,'will',CURRENT_TIMESTAMP);
INSERT INTO application_result (id, application_id, result_code_id, result_wording, result_officer, version, changed_by, changed_date) VALUES (2,2,9, 'Refused due to lack of supporting documents.','Magistrate John Smith',1,'will',CURRENT_TIMESTAMP);

-- Reset sequence for application_list
SELECT setval('identity_details_id_seq', (SELECT MAX(id) FROM identity_details));

-- Reset sequence for application_list
SELECT setval('application_list_id_seq', (SELECT MAX(id) FROM application_list));

-- Reset sequence for application
SELECT setval('application_id_seq', (SELECT MAX(id) FROM application));

-- Reset sequence for application_result
SELECT setval('application_result_id_seq', (SELECT MAX(id) FROM application_result));

-- Reset sequence for standard_applicant
SELECT setval('standard_applicant_id_seq', (SELECT MAX(id) FROM standard_applicant));

-- Reset sequence for standard_applicant
SELECT setval('application_fee_record_id_seq', (SELECT MAX(id) FROM application_fee_record));
